experiment,pipeline,seed,shift_type,severity,rotation_deg,noise_std,loss,auroc,accuracy,balanced_accuracy,precision,recall,f1,threshold,n_samples,auroc_drop_from_clean,accuracy_drop_from_clean,balanced_accuracy_drop_from_clean,precision_drop_from_clean,recall_drop_from_clean,f1_drop_from_clean
point_clean_xyzI_512_seed42,point,42,clean,0.0,0.0,0.0,0.5539438327153524,0.866639226178226,0.8979057591623036,0.7698772038142279,0.5416666666666666,0.6046511627906976,0.5714285714285714,0.845,382,0.0,0.0,0.0,0.0,0.0,0.0
point_clean_xyzI_512_seed42,point,42,rotation,15.0,15.0,0.0,0.5358540862798691,0.798381011181999,0.8821989528795812,0.5681210125540235,0.4375,0.16279069767441862,0.23728813559322035,0.845,382,0.06825821499622697,0.015706806282722474,0.2017561912602044,0.10416666666666663,0.441860465116279,0.334140435835351
point_clean_xyzI_512_seed42,point,42,rotation,30.0,30.0,0.0,0.5603106866280237,0.7425396172051864,0.887434554973822,0.5609178843383412,0.5,0.13953488372093023,0.21818181818181817,0.845,382,0.12409960897303962,0.010471204188481686,0.20895931947588664,0.04166666666666663,0.4651162790697674,0.35324675324675325
point_clean_xyzI_512_seed42,point,42,rotation,45.0,45.0,0.0,0.5707837144533793,0.6877272415448996,0.887434554973822,0.5609178843383412,0.5,0.13953488372093023,0.21818181818181817,0.845,382,0.17891198463332636,0.010471204188481686,0.20895931947588664,0.04166666666666663,0.4651162790697674,0.35324675324675325
point_clean_xyzI_512_seed42,point,42,noise,0.03,0.0,0.03,0.6938201785087585,0.7596899224806201,0.8612565445026178,0.6680043904781505,0.391304347826087,0.4186046511627907,0.4044943820224719,0.845,382,0.10694930369760591,0.03664921465968585,0.10187281333607734,0.15036231884057966,0.18604651162790692,0.1669341894060995
point_clean_xyzI_512_seed42,point,42,noise,0.06,0.0,0.06,0.5455273985862732,0.5582767373259244,0.887434554973822,0.5,0.0,0.0,0.0,0.845,382,0.30836248885230155,0.010471204188481686,0.26987720381422786,0.5416666666666666,0.6046511627906976,0.5714285714285714
point_clean_xyzI_512_seed42,point,42,noise,0.1,0.0,0.1,0.5526357541481653,0.5156753790217465,0.887434554973822,0.5,0.0,0.0,0.0,0.845,382,0.35096384715647944,0.010471204188481686,0.26987720381422786,0.5416666666666666,0.6046511627906976,0.5714285714285714
