experiment,pipeline,seed,shift_type,severity,rotation_deg,noise_std,loss,auroc,accuracy,balanced_accuracy,precision,recall,f1,threshold,n_samples,auroc_drop_from_clean,accuracy_drop_from_clean,balanced_accuracy_drop_from_clean,precision_drop_from_clean,recall_drop_from_clean,f1_drop_from_clean
point_ablation_xyzI_1024,point,42,clean,0.0,0.0,0.0,0.6430314679940542,0.8608081223845784,0.8272251308900523,0.8112780407491254,0.37362637362637363,0.7906976744186046,0.5074626865671642,0.5499999999999999,382,0.0,0.0,0.0,0.0,0.0,0.0
point_ablation_xyzI_1024,point,42,rotation,15.0,15.0,0.0,0.6415170729160309,0.8249296837483708,0.7879581151832461,0.7586952047746449,0.31,0.7209302325581395,0.43356643356643354,0.5499999999999999,382,0.035878438636207544,0.03926701570680624,0.052582835974480435,0.06362637362637363,0.06976744186046513,0.07389625300073066
point_ablation_xyzI_1024,point,42,rotation,30.0,30.0,0.0,0.6856913566589355,0.7493311380942581,0.7853403141361257,0.7166083556287302,0.2903225806451613,0.627906976744186,0.39705882352941174,0.5499999999999999,382,0.11147698429032027,0.041884816753926635,0.0946696851203952,0.08330379298121232,0.16279069767441856,0.11040386303775246
point_ablation_xyzI_1024,point,42,rotation,45.0,45.0,0.0,0.7849341928958893,0.7292309803114495,0.7094240837696335,0.6738354942717981,0.22131147540983606,0.627906976744186,0.32727272727272727,0.5499999999999999,382,0.13157714207312887,0.11780104712041883,0.13744254647732723,0.15231489821653757,0.16279069767441856,0.18018995929443693
point_ablation_xyzI_1024,point,42,noise,0.03,0.0,0.03,1.5029562612374623,0.5989572614392537,0.44502617801047123,0.5350209233724361,0.12444444444444444,0.6511627906976745,0.208955223880597,0.5499999999999999,382,0.2618508609453247,0.3821989528795811,0.27625711737668923,0.2491819291819292,0.13953488372093015,0.2985074626865672
point_ablation_xyzI_1024,point,42,noise,0.06,0.0,0.06,1.9293060426910718,0.5734376071894081,0.112565445026178,0.5,0.112565445026178,1.0,0.2023529411764706,0.5499999999999999,382,0.2873705151951703,0.7146596858638743,0.31127804074912535,0.26106092860019564,-0.2093023255813954,0.3051097453906936
point_ablation_xyzI_1024,point,42,noise,0.1,0.0,0.1,1.9722960963845253,0.5351581258146395,0.112565445026178,0.5,0.112565445026178,1.0,0.2023529411764706,0.5499999999999999,382,0.32564999656993887,0.7146596858638743,0.31127804074912535,0.26106092860019564,-0.2093023255813954,0.3051097453906936
