experiment,pipeline,seed,shift_type,severity,rotation_deg,noise_std,loss,auroc,accuracy,balanced_accuracy,precision,recall,f1,threshold,n_samples,auroc_drop_from_clean,accuracy_drop_from_clean,balanced_accuracy_drop_from_clean,precision_drop_from_clean,recall_drop_from_clean,f1_drop_from_clean
point_clean_xyzI_512_seed52,point,52,clean,0.0,0.0,0.0,0.5136597057183584,0.8552514234753378,0.837696335078534,0.8070247650408178,0.38823529411764707,0.7674418604651163,0.515625,0.35999999999999993,382,0.0,0.0,0.0,0.0,0.0,0.0
point_clean_xyzI_512_seed52,point,52,rotation,15.0,15.0,0.0,1.1047765215237935,0.8180695616381972,0.39528795811518325,0.6288330932290594,0.14925373134328357,0.9302325581395349,0.2572347266881029,0.35999999999999993,382,0.03718186183714056,0.4424083769633508,0.17819167181175832,0.2389815627743635,-0.16279069767441856,0.2583902733118971
point_clean_xyzI_512_seed52,point,52,rotation,30.0,30.0,0.0,1.1089276125033696,0.8281539411401522,0.42670157068062825,0.6465322082733073,0.15625,0.9302325581395349,0.26755852842809363,0.35999999999999993,382,0.027097482335185608,0.4109947643979058,0.1604925567675105,0.23198529411764707,-0.16279069767441856,0.24806647157190637
point_clean_xyzI_512_seed52,point,52,rotation,45.0,45.0,0.0,1.1686734308799107,0.7531042052548534,0.41361256544502617,0.5985456541126433,0.1422924901185771,0.8372093023255814,0.24324324324324326,0.35999999999999993,382,0.10214721822048434,0.42408376963350786,0.2084791109281745,0.24594280399906998,-0.06976744186046513,0.27238175675675674
point_clean_xyzI_512_seed52,point,52,noise,0.03,0.0,0.03,0.9552870988845825,0.7398641695822186,0.6073298429319371,0.6873842354393909,0.19428571428571428,0.7906976744186046,0.3119266055045872,0.35999999999999993,382,0.11538725389311921,0.23036649214659688,0.1196405296014269,0.19394957983193278,-0.023255813953488302,0.20369839449541283
point_clean_xyzI_512_seed52,point,52,noise,0.06,0.0,0.06,0.9964813937743505,0.6504081772655553,0.19109947643979058,0.5340948068875626,0.12,0.9767441860465116,0.21374045801526717,0.35999999999999993,382,0.20484324620978245,0.6465968586387434,0.27292995815325516,0.26823529411764707,-0.20930232558139528,0.3018845419847328
point_clean_xyzI_512_seed52,point,52,noise,0.1,0.0,0.1,0.9003463784853617,0.6548672566371682,0.19895287958115182,0.5486725663716814,0.12320916905444126,1.0,0.2193877551020408,0.35999999999999993,382,0.20038416683816962,0.6387434554973822,0.2583521986691364,0.2650261250632058,-0.2325581395348837,0.2962372448979592
