experiment,pipeline,seed,shift_type,severity,rotation_deg,noise_std,loss,auroc,accuracy,balanced_accuracy,precision,recall,f1,threshold,n_samples,auroc_drop_from_clean,accuracy_drop_from_clean,balanced_accuracy_drop_from_clean,precision_drop_from_clean,recall_drop_from_clean,f1_drop_from_clean
point_ablation_xyzI_512,point,42,clean,0.0,0.0,0.0,0.643976295987765,0.8621801468066131,0.8743455497382199,0.7667558482540989,0.4576271186440678,0.627906976744186,0.5294117647058824,0.7999999999999999,382,0.0,0.0,0.0,0.0,0.0,0.0
point_ablation_xyzI_512,point,42,rotation,15.0,15.0,0.0,0.5182255009810129,0.854702613706524,0.9031413612565445,0.5799204225835219,0.875,0.16279069767441862,0.27450980392156865,0.7999999999999999,382,0.00747753310008914,-0.028795811518324665,0.18683542567057698,-0.4173728813559322,0.46511627906976744,0.2549019607843137
point_ablation_xyzI_512,point,42,rotation,30.0,30.0,0.0,0.5606295168399811,0.7855525828359744,0.8979057591623036,0.5566646086300336,0.8333333333333334,0.11627906976744186,0.20408163265306123,0.7999999999999999,382,0.07662756397063875,-0.023560209424083767,0.21009123962406528,-0.37570621468926557,0.5116279069767442,0.32533013205282113
point_ablation_xyzI_512,point,42,rotation,45.0,45.0,0.0,0.5772010385990143,0.7512519722851067,0.887434554973822,0.5406119228922275,0.5,0.09302325581395349,0.1568627450980392,0.7999999999999999,382,0.1109281745215065,-0.01308900523560208,0.22614392536187145,-0.0423728813559322,0.5348837209302326,0.37254901960784315
point_ablation_xyzI_512,point,42,noise,0.03,0.0,0.03,0.7185406734546026,0.8121698566234479,0.8455497382198953,0.6997667558482541,0.36666666666666664,0.5116279069767442,0.42718446601941745,0.7999999999999999,382,0.050010290183165274,0.028795811518324554,0.06698909240584483,0.09096045197740116,0.11627906976744184,0.1022272986864649
point_ablation_xyzI_512,point,42,noise,0.06,0.0,0.06,0.5491247971852621,0.612883309322906,0.887434554973822,0.5,0.0,0.0,0.0,0.7999999999999999,382,0.24929683748370712,-0.01308900523560208,0.2667558482540989,0.4576271186440678,0.627906976744186,0.5294117647058824
point_ablation_xyzI_512,point,42,noise,0.1,0.0,0.1,0.548875113328298,0.624271112025794,0.887434554973822,0.5,0.0,0.0,0.0,0.7999999999999999,382,0.23790903478081915,-0.01308900523560208,0.2667558482540989,0.4576271186440678,0.627906976744186,0.5294117647058824
