experiment,pipeline,seed,shift_type,severity,rotation_deg,noise_std,loss,auroc,accuracy,balanced_accuracy,precision,recall,f1,threshold,n_samples,auroc_drop_from_clean,accuracy_drop_from_clean,balanced_accuracy_drop_from_clean,precision_drop_from_clean,recall_drop_from_clean,f1_drop_from_clean
point_robust_xyzI_512,point,42,clean,0.0,0.0,0.0,0.5479138195514679,0.8657474103039035,0.8691099476439791,0.784111957192838,0.4461538461538462,0.6744186046511628,0.5370370370370371,0.6399999999999999,382,0.0,0.0,0.0,0.0,0.0,0.0
point_robust_xyzI_512,point,42,rotation,15.0,15.0,0.0,0.745853841304779,0.8482540989229608,0.7513089005235603,0.7685051793921931,0.2833333333333333,0.7906976744186046,0.4171779141104294,0.6399999999999999,382,0.017493311380942678,0.11780104712041883,0.0156067778006449,0.16282051282051285,-0.11627906976744184,0.11985912292660766
point_robust_xyzI_512,point,42,rotation,30.0,30.0,0.0,0.7707887490590414,0.8089455992316663,0.7460732984293194,0.735096384715648,0.2672413793103448,0.7209302325581395,0.389937106918239,0.6399999999999999,382,0.05680181107223714,0.12303664921465973,0.04901557247719002,0.17891246684350137,-0.046511627906976716,0.14709993011879807
point_robust_xyzI_512,point,42,rotation,45.0,45.0,0.0,0.8249398271242777,0.7347876792206902,0.7068062827225131,0.6622075872950539,0.21487603305785125,0.6046511627906976,0.3170731707317073,0.6399999999999999,382,0.13095973108321324,0.16230366492146597,0.12190436989778408,0.23127781309599493,0.06976744186046513,0.21996386630532977
point_robust_xyzI_512,point,42,noise,0.03,0.0,0.03,0.8074102103710175,0.7942649379158949,0.7225130890052356,0.6913631062632914,0.23529411764705882,0.6511627906976745,0.345679012345679,0.6399999999999999,382,0.07148247238800853,0.1465968586387435,0.09274885092954654,0.21085972850678736,0.023255813953488302,0.1913580246913581
point_robust_xyzI_512,point,42,noise,0.06,0.0,0.06,0.7796601752440134,0.832132811964053,0.7225130890052356,0.7522809906016327,0.2595419847328244,0.7906976744186046,0.39080459770114945,0.6399999999999999,382,0.03361459833985048,0.1465968586387435,0.03183096659120532,0.18661186142102176,-0.11627906976744184,0.14623243933588764
point_robust_xyzI_512,point,42,noise,0.1,0.0,0.1,0.7573010424772898,0.8075735748096317,0.743455497382199,0.7539274199080743,0.2727272727272727,0.7674418604651163,0.4024390243902439,0.6399999999999999,382,0.0581738354942718,0.12565445026178013,0.03018453728476367,0.17342657342657347,-0.09302325581395354,0.13459801264679316
