experiment,pipeline,seed,shift_type,severity,rotation_deg,noise_std,loss,auroc,accuracy,balanced_accuracy,precision,recall,f1,threshold,n_samples,auroc_drop_from_clean,accuracy_drop_from_clean,balanced_accuracy_drop_from_clean,precision_drop_from_clean,recall_drop_from_clean,f1_drop_from_clean
point_clean_xyzI_512,point,42,clean,0.0,0.0,0.0,0.5292675296465555,0.8541538039377101,0.8324607329842932,0.7939219318103863,0.3764705882352941,0.7441860465116279,0.5,0.27499999999999997,382,0.0,0.0,0.0,0.0,0.0,0.0
point_clean_xyzI_512,point,42,rotation,15.0,15.0,0.0,0.5497048844893774,0.8212938190299788,0.7591623036649214,0.7424710159840845,0.27927927927927926,0.7209302325581395,0.4025974025974026,0.27499999999999997,382,0.03285998490773134,0.0732984293193718,0.05145091582630179,0.09719130895601485,0.023255813953488413,0.09740259740259738
point_clean_xyzI_512,point,42,rotation,30.0,30.0,0.0,0.609467993179957,0.7584551005007888,0.7225130890052356,0.6812101255402346,0.23076923076923078,0.627906976744186,0.3375,0.27499999999999997,382,0.09569870343692133,0.10994764397905765,0.11271180627015165,0.14570135746606333,0.11627906976744184,0.16249999999999998
point_clean_xyzI_512,point,42,rotation,45.0,45.0,0.0,0.57577183842659,0.7509775674006998,0.6884816753926701,0.6518831035192426,0.203125,0.6046511627906976,0.30409356725146197,0.27499999999999997,382,0.10317623653701036,0.1439790575916231,0.14203882829114367,0.1733455882352941,0.13953488372093026,0.19590643274853803
point_clean_xyzI_512,point,42,noise,0.03,0.0,0.03,0.7792558868726095,0.7457638745969678,0.6701570680628273,0.6720175619126021,0.20567375886524822,0.6744186046511628,0.31521739130434784,0.27499999999999997,382,0.10838992934074232,0.16230366492146597,0.12190436989778419,0.1707968293700459,0.06976744186046513,0.18478260869565216
point_clean_xyzI_512,point,42,noise,0.06,0.0,0.06,0.5549687395493189,0.648418741853605,0.8638743455497382,0.5171846058859847,0.2,0.06976744186046512,0.10344827586206896,0.27499999999999997,382,0.20573506208410508,-0.03141361256544495,0.2767373259244016,0.1764705882352941,0.6744186046511628,0.39655172413793105
point_clean_xyzI_512,point,42,noise,0.1,0.0,0.1,0.5481979747613271,0.6231734924881663,0.8795811518324608,0.5260341634081086,0.3333333333333333,0.06976744186046512,0.11538461538461539,0.27499999999999997,382,0.23098031144954378,-0.04712041884816753,0.2678877684022777,0.0431372549019608,0.6744186046511628,0.3846153846153846
