experiment,pipeline,seed,shift_type,severity,rotation_deg,noise_std,loss,auroc,accuracy,balanced_accuracy,precision,recall,f1,threshold,n_samples,auroc_drop_from_clean,accuracy_drop_from_clean,balanced_accuracy_drop_from_clean,precision_drop_from_clean,recall_drop_from_clean,f1_drop_from_clean
point_clean_xyzI_512_seed62,point,62,clean,0.0,0.0,0.0,0.5864163537820181,0.8681484530424641,0.7068062827225131,0.7637373945256225,0.2553191489361702,0.8372093023255814,0.391304347826087,0.36999999999999994,382,0.0,0.0,0.0,0.0,0.0,0.0
point_clean_xyzI_512_seed62,point,62,rotation,15.0,15.0,0.0,0.4866749296585719,0.8284283460245592,0.8481675392670157,0.7215476435480552,0.38095238095238093,0.5581395348837209,0.4528301886792453,0.36999999999999994,382,0.03972010701790496,-0.1413612565445026,0.042189750977567275,-0.12563323201621074,0.2790697674418605,-0.06152584085315832
point_clean_xyzI_512_seed62,point,62,rotation,30.0,30.0,0.0,0.5544357697168986,0.7389037524867942,0.7853403141361257,0.6556904712903889,0.25925925925925924,0.4883720930232558,0.3387096774193548,0.36999999999999994,382,0.12924470055566994,-0.07853403141361259,0.10804692323523357,-0.003940110323089052,0.34883720930232565,0.05259467040673216
point_clean_xyzI_512_seed62,point,62,rotation,45.0,45.0,0.0,0.5601349423329035,0.7226452630856829,0.7696335078534031,0.575770048706867,0.1917808219178082,0.32558139534883723,0.2413793103448276,0.36999999999999994,382,0.14550318995678124,-0.06282722513089001,0.18796734581875552,0.06353832701836198,0.5116279069767442,0.14992503748125938
point_clean_xyzI_512_seed62,point,62,noise,0.03,0.0,0.03,0.721975306669871,0.7040543321671126,0.6884816753926701,0.6620360842422995,0.2076923076923077,0.627906976744186,0.31213872832369943,0.36999999999999994,382,0.16409412087535158,0.01832460732984298,0.10170131028332297,0.04762684124386249,0.2093023255813954,0.07916561950238754
point_clean_xyzI_512_seed62,point,62,noise,0.06,0.0,0.06,0.5676892350117365,0.5819441586060232,0.8848167539267016,0.49852507374631266,0.0,0.0,0.0,0.36999999999999994,382,0.2862042944364409,-0.17801047120418845,0.26521232077930984,0.2553191489361702,0.8372093023255814,0.391304347826087
point_clean_xyzI_512_seed62,point,62,noise,0.1,0.0,0.1,0.5589288771152496,0.6214584619606228,0.887434554973822,0.5,0.0,0.0,0.0,0.36999999999999994,382,0.2466899910818413,-0.18062827225130884,0.2637373945256225,0.2553191489361702,0.8372093023255814,0.391304347826087
