experiment,pipeline,seed,shift_type,severity,rotation_deg,noise_std,loss,auroc,accuracy,balanced_accuracy,precision,recall,f1,threshold,n_samples,auroc_drop_from_clean,accuracy_drop_from_clean,balanced_accuracy_drop_from_clean,precision_drop_from_clean,recall_drop_from_clean,f1_drop_from_clean
voxel_clean_seed62,voxel,62,clean,0.0,0.0,0.0,0.44865576922893524,0.8937367085134115,0.8900523560209425,0.8162173286684502,0.5081967213114754,0.7209302325581395,0.5961538461538461,0.43499999999999994,382,0.0,0.0,0.0,0.0,0.0,0.0
voxel_clean_seed62,voxel,62,rotation,15.0,15.0,0.0,0.6386900643507639,0.7367085134115388,0.887434554973822,0.5,0.0,0.0,0.0,0.43499999999999994,382,0.15702819510187271,0.002617801047120505,0.3162173286684502,0.5081967213114754,0.7209302325581395,0.5961538461538461
voxel_clean_seed62,voxel,62,rotation,30.0,30.0,0.0,0.6759579082330068,0.6542498456472526,0.887434554973822,0.5,0.0,0.0,0.0,0.43499999999999994,382,0.23948686286615883,0.002617801047120505,0.3162173286684502,0.5081967213114754,0.7209302325581395,0.5961538461538461
voxel_clean_seed62,voxel,62,rotation,45.0,45.0,0.0,0.6981736669937769,0.5261713658503121,0.887434554973822,0.5,0.0,0.0,0.0,0.43499999999999994,382,0.36756534266309937,0.002617801047120505,0.3162173286684502,0.5081967213114754,0.7209302325581395,0.5961538461538461
voxel_clean_seed62,voxel,62,noise,0.03,0.0,0.03,0.5556773742039999,0.8920902792069698,0.7879581151832461,0.8196130891129862,0.33035714285714285,0.8604651162790697,0.4774193548387097,0.43499999999999994,382,0.0016464293064416546,0.10209424083769636,-0.0033957604445360445,0.17783957845433257,-0.13953488372093026,0.11873449131513647
voxel_clean_seed62,voxel,62,noise,0.06,0.0,0.06,1.1666991313298543,0.8915414694381559,0.337696335078534,0.6166906770940522,0.14285714285714285,0.9767441860465116,0.24925816023738873,0.43499999999999994,382,0.0021952390752555395,0.5523560209424084,0.19952665157439797,0.36533957845433257,-0.2558139534883721,0.3468956859164574
voxel_clean_seed62,voxel,62,noise,0.1,0.0,0.1,1.4982320964336395,0.8905810523427318,0.17277486910994763,0.5339233038348082,0.11977715877437325,1.0,0.21393034825870647,0.43499999999999994,382,0.0031556561706796993,0.7172774869109948,0.28229402483364197,0.3884195625371022,-0.2790697674418605,0.38222349789513965
