experiment,pipeline,seed,shift_type,severity,rotation_deg,noise_std,loss,auroc,accuracy,balanced_accuracy,precision,recall,f1,threshold,n_samples,auroc_drop_from_clean,accuracy_drop_from_clean,balanced_accuracy_drop_from_clean,precision_drop_from_clean,recall_drop_from_clean,f1_drop_from_clean
voxel_clean_seed52,voxel,52,clean,0.0,0.0,0.0,1.4408923809727032,0.9014886464979077,0.7879581151832461,0.7891541469438156,0.32075471698113206,0.7906976744186046,0.4563758389261745,0.95,382,0.0,0.0,0.0,0.0,0.0,0.0
voxel_clean_seed52,voxel,52,rotation,15.0,15.0,0.0,0.4350569595893224,0.9003224257391781,0.9057591623036649,0.6017013102833231,0.8181818181818182,0.20930232558139536,0.3333333333333333,0.95,382,0.0011662207587296303,-0.11780104712041883,0.1874528366604925,-0.4974271012006862,0.5813953488372092,0.12304250559284119
voxel_clean_seed52,voxel,52,rotation,30.0,30.0,0.0,0.5122920771439871,0.8149825066886192,0.8979057591623036,0.5668175893530905,0.75,0.13953488372093023,0.23529411764705882,0.95,382,0.08650613980928856,-0.10994764397905754,0.22233655759072513,-0.42924528301886794,0.6511627906976744,0.22108172127911568
voxel_clean_seed52,voxel,52,rotation,45.0,45.0,0.0,0.5238055835167567,0.7590039102696028,0.900523560209424,0.5682925156067777,0.8571428571428571,0.13953488372093023,0.24,0.95,382,0.14248473622830493,-0.11256544502617793,0.22086163133703784,-0.536388140161725,0.6511627906976744,0.2163758389261745
voxel_clean_seed52,voxel,52,noise,0.03,0.0,0.03,3.7878215114275613,0.8999108184125678,0.4397905759162304,0.6742128009878576,0.16470588235294117,0.9767441860465116,0.28187919463087246,0.95,382,0.0015778280853399052,0.3481675392670157,0.11494134595595795,0.15604883462819089,-0.18604651162790697,0.17449664429530204
voxel_clean_seed52,voxel,52,noise,0.06,0.0,0.06,6.723852306604385,0.8910955615009947,0.16753926701570682,0.5309734513274337,0.11911357340720222,1.0,0.21287128712871287,0.95,382,0.010393084996913049,0.6204188481675392,0.2581806956163819,0.20164114357392984,-0.2093023255813954,0.24350455179746164
voxel_clean_seed52,voxel,52,noise,0.1,0.0,0.1,4.799150511622429,0.8877341016670096,0.3298429319371728,0.6224188790560472,0.14381270903010032,1.0,0.25146198830409355,0.95,382,0.013754544830898108,0.4581151832460733,0.16673526788776838,0.17694200795103174,-0.2093023255813954,0.20491385062208095
