experiment,pipeline,seed,shift_type,severity,rotation_deg,noise_std,loss,auroc,accuracy,balanced_accuracy,precision,recall,f1,threshold,n_samples,auroc_drop_from_clean,accuracy_drop_from_clean,balanced_accuracy_drop_from_clean,precision_drop_from_clean,recall_drop_from_clean,f1_drop_from_clean
voxel_robust_seed52,voxel,52,clean,0.0,0.0,0.0,0.3554159998893738,0.9755093640666803,0.9319371727748691,0.8398161487274474,0.6888888888888889,0.7209302325581395,0.7045454545454546,0.5499999999999999,382,0.0,0.0,0.0,0.0,0.0,0.0
voxel_robust_seed52,voxel,52,rotation,15.0,15.0,0.0,0.36854137976964313,0.9635041503738767,0.9397905759162304,0.8442409274885092,0.7380952380952381,0.7209302325581395,0.7294117647058823,0.5499999999999999,382,0.012005213692803607,-0.007853403141361293,-0.004424778761061843,-0.049206349206349254,0.0,-0.02486631016042773
voxel_robust_seed52,voxel,52,rotation,30.0,30.0,0.0,0.40340717633565265,0.9408657474103038,0.9162303664921466,0.7598957261439254,0.6486486486486487,0.5581395348837209,0.6,0.5499999999999999,382,0.0346436166563765,0.015706806282722474,0.07992042258352194,0.0402402402402402,0.16279069767441856,0.10454545454545461
voxel_robust_seed52,voxel,52,rotation,45.0,45.0,0.0,0.4434955269098282,0.895177334156548,0.9057591623036649,0.7539960211291761,0.5853658536585366,0.5581395348837209,0.5714285714285714,0.5499999999999999,382,0.08033202991013233,0.02617801047120416,0.08582012759827129,0.10352303523035233,0.16279069767441856,0.1331168831168832
voxel_robust_seed52,voxel,52,noise,0.03,0.0,0.03,0.357035552461942,0.9766069836043082,0.9293193717277487,0.8484942031968169,0.6666666666666666,0.7441860465116279,0.7032967032967034,0.5499999999999999,382,-0.0010976195376278808,0.002617801047120394,-0.008678054469369534,0.022222222222222254,-0.023255813953488413,0.0012487512487512342
voxel_robust_seed52,voxel,52,noise,0.06,0.0,0.06,0.3735615909099579,0.9729025176648145,0.9240837696335078,0.8556973314124992,0.6346153846153846,0.7674418604651163,0.6947368421052632,0.5499999999999999,382,0.0026068464018658144,0.007853403141361293,-0.015881182685051787,0.0542735042735043,-0.04651162790697683,0.009808612440191378
voxel_robust_seed52,voxel,52,noise,0.1,0.0,0.1,0.37990012268225354,0.9715990944638815,0.9162303664921466,0.8715785140975509,0.5932203389830508,0.813953488372093,0.6862745098039216,0.5499999999999999,382,0.003910269602798833,0.015706806282722474,-0.031762365370103574,0.09566854990583806,-0.09302325581395354,0.018270944741533013
