experiment,pipeline,seed,shift_type,severity,rotation_deg,noise_std,loss,auroc,accuracy,balanced_accuracy,precision,recall,f1,threshold,n_samples,auroc_drop_from_clean,accuracy_drop_from_clean,balanced_accuracy_drop_from_clean,precision_drop_from_clean,recall_drop_from_clean,f1_drop_from_clean
voxel_robust_seed42,voxel,42,clean,0.0,0.0,0.0,0.6052048454682032,0.8703436921177197,0.824607329842932,0.8098031144954381,0.3695652173913043,0.7906976744186046,0.5037037037037037,0.05,382,0.0,0.0,0.0,0.0,0.0,0.0
voxel_robust_seed42,voxel,42,rotation,15.0,15.0,0.0,0.4637497315804164,0.8965493585785828,0.5575916230366492,0.7304315016807299,0.1971153846153846,0.9534883720930233,0.32669322709163345,0.05,382,-0.026205666460863086,0.2670157068062827,0.07937161281470817,0.17244983277591971,-0.16279069767441867,0.1770104766120702
voxel_robust_seed42,voxel,42,rotation,30.0,30.0,0.0,0.5233848641316096,0.8312409960897305,0.5523560209424084,0.6970227070041847,0.18627450980392157,0.8837209302325582,0.3076923076923077,0.05,382,0.039102696027989214,0.2722513089005235,0.1127804074912534,0.18329070758738275,-0.09302325581395354,0.19601139601139594
voxel_robust_seed42,voxel,42,rotation,45.0,45.0,0.0,0.5319323440392812,0.8255470947382864,0.5340314136125655,0.7070041846744872,0.18604651162790697,0.9302325581395349,0.31007751937984496,0.05,382,0.04479659737943331,0.2905759162303665,0.10279892982095085,0.18351870576339735,-0.13953488372093026,0.1936261843238587
voxel_robust_seed42,voxel,42,noise,0.03,0.0,0.03,0.5976864000161489,0.869726281127804,0.819371727748691,0.8068532619880633,0.3617021276595745,0.7906976744186046,0.49635036496350365,0.05,382,0.0006174109899156344,0.005235602094240899,0.002949852507374784,0.007863089731729833,0.0,0.0073533387401999994
voxel_robust_seed42,voxel,42,noise,0.06,0.0,0.06,0.5810285111268362,0.8646497907662756,0.7879581151832461,0.7891541469438156,0.32075471698113206,0.7906976744186046,0.4563758389261745,0.05,382,0.005693901351444097,0.03664921465968585,0.020648967551622488,0.048810500410172264,0.0,0.04732786477752915
voxel_robust_seed42,voxel,42,noise,0.1,0.0,0.1,0.6498322238524755,0.8635521712286479,0.837696335078534,0.7968717843177608,0.3855421686746988,0.7441860465116279,0.5079365079365079,0.05,382,0.006791520889071756,-0.01308900523560208,0.012931330177677225,-0.01597695128339449,0.046511627906976716,-0.004232804232804255
