experiment,pipeline,seed,shift_type,severity,rotation_deg,noise_std,loss,auroc,accuracy,balanced_accuracy,precision,recall,f1,threshold,n_samples,auroc_drop_from_clean,accuracy_drop_from_clean,balanced_accuracy_drop_from_clean,precision_drop_from_clean,recall_drop_from_clean,f1_drop_from_clean
voxel_robust_seed62,voxel,62,clean,0.0,0.0,0.0,0.41459277272224426,0.9337312204157234,0.8979057591623036,0.8206421074295123,0.5344827586206896,0.7209302325581395,0.6138613861386139,0.565,382,0.0,0.0,0.0,0.0,0.0,0.0
voxel_robust_seed62,voxel,62,rotation,15.0,15.0,0.0,0.40924252072970074,0.9253618714413117,0.9240837696335078,0.8252383892433286,0.6521739130434783,0.6976744186046512,0.6741573033707865,0.565,382,0.008369348974411772,-0.02617801047120416,-0.0045962818138163275,-0.11769115442278866,0.023255813953488302,-0.06029591723217265
voxel_robust_seed62,voxel,62,rotation,30.0,30.0,0.0,0.43399656812349957,0.9096521918090142,0.9031413612565445,0.7728270563216024,0.5652173913043478,0.6046511627906976,0.5842696629213483,0.565,382,0.024079028606709185,-0.005235602094240899,0.047815051107909845,-0.03073463268365817,0.11627906976744184,0.029591723217265553
voxel_robust_seed62,voxel,62,rotation,45.0,45.0,0.0,0.4703406095504761,0.8542910063799135,0.8769633507853403,0.6971599094463882,0.45454545454545453,0.46511627906976744,0.45977011494252873,0.565,382,0.07944021403580992,0.020942408376963373,0.1234821979831241,0.07993730407523508,0.25581395348837205,0.15409127119608512
voxel_robust_seed62,voxel,62,noise,0.03,0.0,0.03,0.5248749752839407,0.9353090485010633,0.8298429319371727,0.8533648898950401,0.3877551020408163,0.8837209302325582,0.5390070921985816,0.565,382,-0.0015778280853399052,0.0680628272251309,-0.032722782465527844,0.1467276565798733,-0.16279069767441867,0.07485429394003229
voxel_robust_seed62,voxel,62,noise,0.06,0.0,0.06,0.6830553188920021,0.9321533923303835,0.7539267015706806,0.8512039514303354,0.3111111111111111,0.9767441860465116,0.47191011235955055,0.565,382,0.0015778280853399052,0.143979057591623,-0.03056184400082318,0.2233716475095785,-0.2558139534883721,0.1419512737790633
voxel_robust_seed62,voxel,62,noise,0.1,0.0,0.1,0.49917425711949664,0.9383961034506414,0.8350785340314136,0.8258558002332441,0.3888888888888889,0.813953488372093,0.5263157894736842,0.565,382,-0.004664883034917966,0.06282722513089001,-0.005213692803731851,0.14559386973180072,-0.09302325581395354,0.08754559666492967
